ID,이름,종류,지역,상세지역,상세지형,판매처,상세 판매처,기준 가치,단맛,짠맛,자극,무게감,포만감,기분,효과종류,효과값,설명,리액션
Food_001,거친 에일,음료,,,,,주점,3,4,10,-6,-15,5,1,,,거칠게 빻은 곡물로 급히 빚은 탁한 에일. 씁쓸한 맛과 거친 곡물 향이 남지만 값이 싸 어디서나 쉽게 마실 수 있다.,
Food_002,질 좋은 에일,음료,,,,도시,주점,5,4,10,-10,-12,5,2,,,잘 고른 곡물과 깨끗한 물로 빚어 충분히 익힌 에일. 부드러운 거품과 고소한 향이 나 식사와 함께 마시기 좋다.,
Food_003,거친 포도주,음료,,,,,주점,5,0,4,-6,-12,3,1,,,정제와 숙성이 덜 된 값싼 포도주. 신맛과 떫은맛이 거칠게 남아 있지만 목을 축이기에는 충분하다.,
Food_004,희석 포도주,음료,,,,,주점,3,0,4,-6,-18,3,1,,,거친 포도주에 물을 섞어 양을 늘린 음료. 향과 취기는 약하지만 긴 식사 자리에서도 부담 없이 마실 수 있다.,
Food_005,질 좋은 포도주,음료,,,,도시,주점,9,-4,4,-10,-10,3,2,,,잘 익은 포도를 골라 빚고 나무통에서 충분히 숙성한 포도주. 산미와 향이 고르게 어우러져 음식의 맛을 돋운다.,
Food_006,고급 포도주,음료,,,,대도시,주점,18,-4,4,-14,-8,3,3,,,좋은 포도만 골라 오래 숙성한 고급 포도주. 맑은 빛과 깊은 향이 나며 부유한 상인과 귀족이 즐겨 찾는다.,
Food_007,데운 향신료 와인,음료,북부,,,,주점,12,-8,4,-20,-6,3,3,,,포도주에 꿀과 향신료를 넣고 따뜻하게 데운 북부식 음료. 몸을 덥히는 향이 강해 추운 밤에 특히 잘 어울린다.,
Food_008,과실주,음료,,,,도시,주점,6,-16,6,-10,-10,3,2,,,제철 과일의 즙을 발효시켜 만든 향긋한 술. 과일의 단맛과 산미가 남아 있어 진한 술을 어려워하는 이도 즐기기 좋다.,
Food_009,미드,음료,북부,,,,주점,7,-24,6,-10,-8,3,2,,,꿀을 물에 풀어 발효시킨 북부의 달콤한 술. 은은한 꽃향과 묵직한 단맛이 남아 축하 자리에도 자주 오른다.,
Food_010,깨끗한 물,음료,,,,,주점,1,0,0,0,-25,0,0,,,맑은 샘물이나 우물물을 길어 깨끗한 항아리에 담아 낸 물. 별다른 맛은 없지만 갈증을 달래는 데 가장 확실하다.,
Food_011,꿀물,음료,,,,도시,주점,4,-30,4,-6,-15,3,1,,,깨끗한 물에 꿀을 조금 풀어 만든 소박한 음료. 옅은 단맛과 꽃향이 나 피곤한 여행자의 입을 달래 준다.,
Food_012,데운 우유,음료,,,,,주점,3,-6,0,4,5,5,1,,,신선한 우유를 약한 불에 천천히 데운 음료. 부드러운 고소함과 온기가 속을 편안하게 한다.,
Food_013,꿀 우유,음료,,,,도시,주점,6,-30,0,4,8,5,2,,,따뜻한 우유에 꿀을 넉넉히 풀어 만든 음료. 진한 단맛과 부드러운 질감이 어우러져 늦은 밤에 마시기 좋다.,
Food_014,마시는 불꽃,음료,,모시암,,,주점,16,6,4,-30,-5,3,4,,,모시암에서 빚는 독한 증류주에 매운 향신료를 더한 술. 한 모금만으로도 목과 배가 뜨거워져 마시는 불꽃이라 불린다.,
Food_015,트리노바 로열 와인,음료,,트리노바,,,주점,28,-10,4,-30,-5,3,4,,,트리노바의 좋은 포도로 빚어 오래 숙성한 귀한 포도주. 풍부한 향과 매끄러운 맛 덕분에 중요한 연회에 오른다.,
Food_016,따뜻한 엽차,음료,,바르나,,,주점,9,4,0,10,-20,0,3,,,바르나에서 들여온 향긋한 잎을 뜨거운 물에 우린 차. 은은한 풀향과 온기가 남아 기름진 식사 뒤에 잘 어울린다.,
Food_017,꿀빵,간식,,,,도시,시장,5,,,,,,3,,,부드러운 빵에 꿀을 발라 구운 시장 간식. 겉은 살짝 바삭하고 속에는 달콤한 향이 배어 있다.,
Food_018,소금빵,간식,,,,도시,시장,3,,,,,,3,,,굵은 소금을 뿌려 노릇하게 구운 작은 빵. 짭짤하고 담백해 길을 오가며 간단히 먹기 좋다.,
Food_019,허브빵,간식,,,,대도시,시장,4,,,,,,3,,,반죽에 잘게 썬 허브를 섞어 구운 빵. 따뜻할 때는 풀향이 선명하고 식어도 향긋한 맛이 남는다.,
Food_020,튀긴 빵,간식,,,,대도시,시장,5,,,,,,3,,,남은 빵 조각을 기름에 넣어 바삭하게 튀긴 간식. 고소하고 기름진 맛이 강해 작은 조각만으로도 든든하다.,
Food_021,치즈를 얹은 빵,간식,,,,도시,시장,6,,,,,,3,,,따뜻한 빵 위에 치즈를 얹어 녹인 간식. 짭짤한 치즈와 담백한 빵이 어우러져 시장에서 인기가 많다.,
Food_022,고기 파이,간식,,,,도시,시장,9,,,,,,3,,,잘게 다진 고기와 양파를 반죽에 넣어 구운 작은 파이. 손에 들고 먹기 편하며 뜨거울 때 육즙이 풍부하다.,
Food_023,과일 파이,간식,,,,도시,시장,8,,,,,,3,,,졸인 과일을 얇은 반죽 안에 넣어 구운 작은 파이. 새콤달콤한 속과 바삭한 껍질이 잘 어울린다.,
Food_024,노점 꼬치구이,간식,,,,도시,시장,8,,,,,,3,,,고기 조각을 꼬치에 꿰어 소금으로 간하고 불에 구운 노점 음식. 연기 향과 육즙이 강해 지나가는 이의 발길을 붙잡는다.,
Food_025,물고기 꼬치구이,간식,,,항구,도시,시장,7,,,,,,3,,,손질한 생선을 꼬치에 꿰어 소금을 뿌리고 구운 항구의 간식. 껍질은 바삭하고 속살은 촉촉하다.,
Food_026,민물고기 튀김,간식,,,담수,도시,시장,8,,,,,,3,,,민물고기 살에 얇게 가루를 묻혀 기름에 튀긴 음식. 비린내가 적고 겉이 바삭해 따뜻할 때 먹기 좋다.,
Food_027,굴 찜,간식,,,,도시,시장,7,,,,,,3,,,껍데기째 올린 굴을 김이 오르도록 쪄낸 시장 음식. 짭짤한 바다 향과 부드러운 속살을 그대로 맛볼 수 있다.,
Food_028,과일,간식,"중부,남부",,,도시,시장,4,,,,,,3,,,시장에 들어온 제철 과일을 씻어 한두 개씩 내어 주는 간식. 품종과 철에 따라 단맛과 산미가 크게 달라진다.,
Food_029,말린 과일,간식,남부,,,도시,시장,5,,,,,,3,,,잘 익은 과일을 얇게 썰어 햇볕과 바람에 말린 간식. 수분이 줄어든 만큼 단맛이 진하고 오래 보관하기 좋다.,
Food_030,견과류,간식,중부,,,도시,시장,5,,,,,,3,,,호두나 아몬드 같은 견과를 껍질째 또는 알맹이로 덜어 낸 간식. 작지만 고소하고 기름져 허기를 잠시 달래 준다.,
Food_031,구운 견과류,간식,북부,,,도시,시장,6,,,,,,3,,,견과 알맹이를 팬에 볶아 고소한 향을 끌어낸 북부식 간식. 소금을 조금 뿌려 술안주로도 자주 먹는다.,
Food_032,치즈 조각,간식,,,,도시,시장,5,,,,,,3,,,숙성한 치즈를 한입 크기로 잘라 내어 주는 간식. 짭짤하고 진한 향이 나 빵이나 술과 함께 먹기 좋다.,
Food_033,구운 소시지,간식,,,,도시,시장,8,,,,,,3,,,소시지를 불 위에서 굴려 껍질이 터질 듯 노릇하게 구운 음식. 진한 고기 향과 짭짤한 육즙이 가득하다.,
Food_034,구운 내장,간식,북부,,,도시,시장,6,,,,,,3,,,손질한 내장을 소금과 허브로 간해 불에 구운 북부의 간식. 쫄깃한 식감과 진한 향 때문에 취향이 갈린다.,
Food_035,삶은 달걀,간식,,,,도시,시장,4,,,,,,3,,,달걀을 껍데기째 삶아 소금을 곁들인 간단한 간식. 작고 단단해 시장을 돌아다니며 먹기 편하다.,
Food_036,초라한 식사,식사,,,,,여관,5,,,,,,-10,,,"마른 빵과 묽은 죽, 식은 채소를 한 접시에 담은 초라한 끼니. 허기는 면할 수 있지만 정성이나 풍미는 기대하기 어렵다.",
Food_037,간단한 식사,식사,,,,,여관,12,,,,,,0,,,빵과 따뜻한 수프를 함께 내는 여관의 기본 식사. 화려하지는 않아도 지친 여행자가 배를 채우기에 충분하다.,
Food_038,성의있는 식사,식사,,,,도시,여관,24,,,,,,5,,,"갓 구운 빵과 진한 수프, 작은 고기 요리를 갖춰 내는 식사. 여관 주인의 손길이 느껴지는 따뜻한 한 상이다.",
Food_039,보리빵,식사,,,,,주점,3,6,-4,6,2,15,2,,,거칠게 빻은 보리가루로 구운 짙은 빛의 빵. 식감은 단단하지만 구수하고 든든해 서민의 식탁에 자주 오른다.,
Food_040,호밀빵,식사,,,,,주점,4,6,-4,6,1,15,2,,,호밀을 넣어 묵직하게 구운 검은빛 빵. 새콤한 향과 거친 식감이 있으며 수프에 적셔 먹기 좋다.,
Food_041,밀빵,식사,,,,도시,주점,5,4,-4,4,3,15,2,,,곱게 빻은 밀가루로 반죽해 부드럽게 구운 빵. 보리나 호밀빵보다 희고 담백해 도시 식탁에서 선호된다.,
Food_042,치즈를 얹은 빵,식사,,,,도시,주점,7,6,-12,4,12,18,3,,,따뜻한 빵 위에 치즈를 넉넉히 얹어 녹인 음식. 부드러운 빵에 짭짤하고 기름진 맛이 배어 있다.,
Food_043,납작한 빵,식사,남부,"페렘, 페라노",,도시,주점,4,6,-4,6,0,12,2,,,밀가루 반죽을 얇고 둥글게 펴 화덕 벽에 구운 남부식 빵. 담백하고 잘 찢어져 소스나 고기와 곁들이기 좋다.,
Food_044,치즈,식사,,,,,주점,6,8,-20,4,16,8,2,,,숙성한 치즈를 두툼하게 잘라 그대로 내는 음식. 짭짤하고 진한 향이 나 빵과 술을 곁들이면 맛이 한결 부드러워진다.,
Food_045,콩 포타주,식사,,,,,주점,7,4,-8,4,4,20,3,,,푹 삶은 콩을 으깨 걸쭉하게 끓인 포타주. 소박하지만 고소하고 든든해 여행자와 노동자가 즐겨 찾는다.,
Food_046,곡물 포타주,식사,,,,,주점,6,4,-6,4,2,18,3,,,보리와 밀 같은 곡물을 오래 끓여 만든 걸쭉한 포타주. 곡물의 구수한 맛이 나며 빵 없이도 허기를 달래 준다.,
Food_047,고기 포타주,식사,,,,도시,주점,11,8,-10,0,10,25,4,,,곡물 포타주에 잘게 썬 고기와 육수를 더해 끓인 음식. 국물이 진하고 씹을 것이 있어 평범한 포타주보다 든든하다.,
Food_048,야채 스튜,식사,북부,,,,주점,9,4,-6,6,-8,20,3,,,양배추와 뿌리채소를 큼직하게 썰어 오래 끓인 북부식 스튜. 채소의 단맛이 국물에 배어 몸을 따뜻하게 한다.,
Food_049,고기 스튜,식사,,,,도시,주점,14,10,-12,-4,15,30,5,,,고기와 채소를 진한 육수에 오래 끓여 부드럽게 만든 스튜. 빵을 찍어 먹으면 국물과 육즙을 남김없이 즐길 수 있다.,
Food_050,기름진 고기 스튜,식사,북부,,,도시,주점,17,16,-16,-6,28,35,6,,,지방이 많은 고기와 뿌리채소를 함께 끓인 북부식 스튜. 국물이 무겁고 진해 추운 날 배를 든든하게 채워 준다.,
Food_051,돼지고기 구이,식사,,,,,주점,17,12,-14,0,22,40,5,,,두툼한 돼지고기에 소금을 뿌려 불에 구운 요리. 녹아내린 지방과 붉은 살코기가 어우러져 풍부한 육즙을 낸다.,
Food_052,돼지고기 향신료 구이,식사,,,,도시,주점,23,12,-14,-20,22,40,6,,,돼지고기에 후추와 향신료를 문질러 향긋하게 구운 요리. 기름진 맛을 매운 향이 잡아 주어 술과 잘 어울린다.,
Food_053,통돼지 구이,식사,,,,도시,주점,48,20,-24,0,35,100,8,,,손질한 돼지 한 마리를 통째로 꼬치에 걸어 천천히 구운 잔치 음식. 여러 사람이 나누어 먹을 만큼 양이 많고 육즙이 풍부하다.,
Food_054,통돼지 향신료 구이,식사,,,,대도시,주점,60,20,-24,-30,35,100,9,,,통돼지에 귀한 향신료를 넉넉히 바르고 오래 돌려 구운 성대한 요리. 바삭한 껍질과 향긋한 살코기가 연회의 중심이 된다.,
Food_055,양고기 구이,식사,,,,도시,주점,18,10,-12,0,18,35,5,,,양고기 덩어리를 소금으로 간해 불에 구운 요리. 특유의 진한 향과 부드러운 지방 맛이 남아 따뜻할 때 먹기 좋다.,
Food_056,양고기 향초 구이,식사,,,,대도시,주점,24,10,-12,-18,18,35,6,,,양고기에 향초와 허브를 얹어 천천히 구운 요리. 풀향이 고기의 진한 냄새를 누그러뜨리고 풍미를 더한다.,
Food_057,새끼양 통구이,식사,"중부,남부",,,도시,주점,42,16,-20,0,28,80,7,,,어린 양 한 마리를 통째로 구워 여러 사람이 나누어 먹는 중남부의 잔치 음식. 살이 부드럽고 지방 향이 순하다.,
Food_058,새끼양 향초 통구이,식사,"중부,남부",,,대도시,주점,52,16,-20,-24,28,80,8,,,어린 양에 향초와 허브를 채워 통째로 구운 호화로운 음식. 부드러운 살과 향긋한 육즙이 잔칫상을 풍성하게 만든다.,
Food_059,구운 닭,식사,,"헤츠,마르켄로트",,,주점,16,8,-10,4,12,40,4,,,닭 한 마리를 노릇하게 구워 내는 헤츠와 마르켄로트의 익숙한 요리. 껍질은 바삭하고 살은 담백하며 촉촉하다.,
Food_060,허브 닭구이,식사,,,,도시,주점,20,8,-10,-16,10,40,5,,,닭의 겉과 속에 허브를 문질러 향긋하게 구운 요리. 담백한 닭고기에 풀향과 구운 껍질의 고소함이 더해진다.,
Food_061,사슴고기 구이,식사,,,"담수,항구",,주점,21,8,-12,4,10,50,5,,,사냥한 사슴의 붉은 살을 두툼하게 썰어 구운 음식. 지방이 적고 향이 짙어 과일 소스나 진한 술과 잘 어울린다.,
Food_062,고기 파이,식사,,,,도시,주점,13,10,-12,0,18,28,4,,,다진 고기와 양파를 진한 육즙과 함께 반죽에 넣어 구운 파이. 바삭한 껍질을 가르면 따뜻한 고기 향이 퍼진다.,
Food_063,생선 파이,식사,,,담수,도시,주점,12,8,-10,4,10,25,4,,,민물고기 살과 허브를 반죽에 넣어 구운 파이. 담백한 생선 맛과 버터를 바른 껍질이 부드럽게 어우러진다.,
Food_064,과일 파이,식사,,,항구,도시,주점,11,-24,10,4,8,22,5,,,잘 익은 과일을 졸여 반죽 안에 채운 항구의 파이. 달콤한 과즙과 새콤한 향이 나 식사 뒤에 먹기 좋다.,
Food_065,향신료 고기 파이,식사,남부,,,대도시,주점,17,10,-12,-24,18,30,6,,,다진 고기에 남부 향신료를 넉넉히 넣어 구운 파이. 반죽을 가르면 뜨거운 육즙과 매운 향이 함께 올라온다.,
Food_066,구운 민물고기,식사,,,담수,,주점,10,6,-8,4,5,25,3,,,갓 잡은 민물고기를 손질해 소금만 뿌리고 불에 구운 음식. 담백한 흰 살과 은은한 숯 향을 그대로 즐길 수 있다.,
Food_067,구운 생선,식사,,,항구,,주점,10,6,-10,4,5,25,3,,,항구에 들어온 생선을 손질해 통째로 구운 음식. 바닷소금이 밴 껍질은 바삭하고 속살은 촉촉하다.,
Food_068,향초 민물고기,식사,북부,,항구,도시,주점,13,6,-8,-16,4,25,4,,,민물고기에 북부 향초를 채워 천천히 구운 요리. 풀향이 흙내를 줄이고 부드러운 살에 은은하게 밴다.,
Food_069,향초 생선,식사,,,항구,도시,주점,13,6,-10,-16,4,25,4,,,신선한 바닷생선에 향초와 허브를 얹어 구운 항구 요리. 짭짤한 살과 상쾌한 향이 잘 어우러진다.,
Food_070,생선꼬리 향초구이,식사,북부,에르스비,담수,,주점,18,8,-12,-20,8,40,5,,,에르스비에서 잡은 큰 생선의 꼬리살을 향초와 함께 구운 음식. 탄탄한 살과 기름진 껍질에 진한 풀향이 밴다.,
Food_071,연어 구이,식사,,,항구,,주점,15,8,-10,4,12,30,4,,,붉은 연어 살에 소금을 뿌려 겉이 노릇해지도록 구운 음식. 지방이 풍부해 살이 부드럽고 진한 맛이 난다.,
Food_072,청어 구이,식사,"중부,남부",,담수,,주점,10,8,-14,4,10,25,4,,,작은 청어를 손질해 불 위에서 바삭하게 구운 중남부의 생선 요리. 짭짤하고 기름져 빵과 함께 먹기 좋다.,
Food_073,대구살 튀김,식사,"중부,남부",,항구,도시,주점,14,10,-12,4,18,30,5,,,두툼한 대구살에 가루를 입혀 기름에 튀긴 항구 요리. 겉은 바삭하고 속은 희고 부드러워 누구나 먹기 편하다.,
Food_074,장어 구이,식사,,,항구,,주점,16,10,-12,4,20,30,5,,,기름진 장어를 길게 손질해 불에 구운 음식. 껍질은 바삭하고 살은 진한 지방 맛이 나 소금만으로도 풍미가 깊다.,
Food_075,굴 찜,식사,,,,도시,주점,8,4,-10,4,-2,12,3,,,신선한 굴을 껍데기째 김에 쪄 낸 음식. 부드러운 속살에 짭짤한 바다 향과 굴 특유의 단맛이 남는다.,
Food_076,구운 조개,식사,,,,,주점,6,6,-10,4,3,12,3,,,조개를 불판에 올려 껍데기가 벌어질 때까지 구운 음식. 뜨거운 국물과 쫄깃한 살에서 바다 향이 진하게 난다.,
Food_077,구운 계란,식사,,,,,주점,5,4,-6,4,7,10,2,,,달걀을 깨뜨려 팬에 굽고 소금으로 간한 간단한 음식. 가장자리는 고소하고 노른자는 부드럽게 익는다.,
Food_078,삶은 계란,식사,,,,,주점,4,4,-6,4,5,10,1,,,달걀을 껍데기째 삶아 반으로 갈라 내는 소박한 음식. 담백하고 부드러워 다른 요리와 함께 먹기 좋다.,
Food_079,생 야채,식사,중부,,,,주점,4,4,0,6,-18,15,2,,,제철 잎채소와 뿌리채소를 씻어 날것으로 내는 음식. 아삭하고 풋풋하지만 양념이 적어 채소 본래의 맛이 강하다.,
Food_080,잎채소 찜,식사,,,,,주점,5,4,-4,6,-15,15,2,,,부드러운 잎채소를 김에 쪄 소금으로 가볍게 간한 음식. 풋내가 줄고 촉촉해져 기름진 고기 곁에 잘 어울린다.,
Food_081,구운 뿌리채소,식사,,,,,주점,6,6,-4,4,-8,18,3,,,순무와 당근 같은 뿌리채소를 불에 천천히 구운 음식. 겉은 노릇하고 속은 달고 부드러워진다.,
Food_082,치즈 야채구이,식사,,,,도시,주점,9,6,-12,4,10,20,4,,,익힌 채소 위에 치즈를 얹어 녹을 때까지 구운 요리. 채소의 단맛과 짭짤하고 기름진 치즈 맛이 잘 어울린다.,
Food_083,절인 채소,식사,,,,,주점,5,6,-16,-8,-12,12,3,,,채소를 소금과 식초에 담가 새콤하게 익힌 저장 음식. 아삭한 식감과 강한 산미가 기름진 음식의 맛을 씻어 준다.,
Food_084,향초,식사,,,,대도시,주점,8,0,0,-24,-2,1,3,,,향이 좋은 마른 잎과 꽃을 조금 덜어 음식 위에 뿌리는 귀한 향초. 적은 양으로도 평범한 식탁에 특별한 향을 더한다.,
Food_085,구운 소시지,식사,,,,,주점,10,10,-18,4,22,25,4,,,소시지를 불에 구워 껍질이 팽팽해지도록 익힌 음식. 짭짤한 육즙과 훈연 향이 강해 빵이나 술과 잘 어울린다.,
Food_086,찐 소시지,식사,북부,,,도시,주점,10,8,-16,4,15,25,4,,,소시지를 뜨거운 물이나 육수에 천천히 쪄 낸 북부 요리. 껍질이 부드럽고 속의 지방과 향신료 맛이 고르게 퍼진다.,
Food_087,소시지 스프,식사,북부,,,,주점,11,8,-14,4,8,25,4,,,소시지와 뿌리채소를 썰어 국물에 끓인 북부식 수프. 훈연한 고기 맛이 배어 있어 한 그릇만으로도 든든하다.,
Food_088,야채 스프,식사,,,,,주점,7,4,-6,4,-10,20,3,,,제철 채소를 잘게 썰어 맑은 국물에 끓인 수프. 담백하고 따뜻해 무거운 음식 사이에 곁들이기 좋다.,
Food_089,고기 스프,식사,,,,,주점,10,8,-10,4,6,25,4,,,고기 조각과 뼈를 채소와 함께 오래 끓여 낸 수프. 맑아 보여도 육향이 진하고 빵을 적셔 먹기 좋다.,
Food_090,해산물 스프,식사,,,항구,,주점,12,6,-10,4,-2,22,4,,,조개와 생선 조각을 채소와 함께 끓인 항구의 수프. 국물에 짭짤한 바다 향과 은은한 감칠맛이 배어 있다.,
Food_091,구운 거위,식사,"중부,남부",,,대도시,주점,30,16,-18,4,30,70,7,,,살이 오른 거위를 통째로 구워 내는 중남부의 잔치 음식. 바삭한 껍질 아래로 진한 지방과 부드러운 살이 가득하다.,
Food_092,견과류,식사,,,,,주점,4,4,-4,6,10,5,1,,,호두나 아몬드 같은 견과를 껍질에서 꺼내 그대로 내는 음식. 작지만 고소하고 기름져 술이나 과일과 함께 먹기 좋다.,
Food_093,구운 견과류,식사,북부,,,,주점,5,6,-6,4,15,5,2,,,견과 알맹이를 마른 팬에 볶아 향을 진하게 만든 북부 음식. 바삭한 식감과 고소한 기름 맛이 오래 남는다.,
Food_094,과일,식사,,,,,주점,5,-24,8,4,-12,12,3,,,잘 익은 제철 과일을 씻어 먹기 좋게 잘라 낸 음식. 품종에 따라 달고 새콤하며 무거운 식사 뒤 입을 개운하게 한다.,
Food_095,말린 과일,식사,,,,,주점,5,-30,10,4,-4,8,3,,,과일을 얇게 썰어 햇볕과 바람에 말린 음식. 수분이 줄어 쫀득하고 단맛이 진해 조금씩 오래 씹어 먹는다.,
Food_096,꿀과 함께 구운 과일,식사,,,,대도시,주점,10,-44,14,4,2,15,6,,,과일에 꿀을 바르고 불에 구워 단맛을 끌어낸 후식. 따뜻하고 부드러운 과육에 달콤한 즙과 향이 배어 있다.,
Food_097,꿀 견과류,식사,,,,대도시,주점,9,-36,10,4,14,7,5,,,견과를 꿀에 버무려 굳힌 달콤한 후식. 바삭한 알맹이와 끈끈한 꿀이 어우러져 적은 양으로도 만족감이 크다.,
Food_098,장미 타르트,식사,중부,,,대도시,주점,15,-40,12,-4,8,20,7,,,장미 향을 우린 달콤한 속을 얇은 반죽에 채워 구운 중부의 타르트. 꽃향과 섬세한 단맛이 나는 귀한 후식이다.,
Food_099,과일 타르트,식사,,,,도시,주점,11,-36,12,4,8,22,6,,,제철 과일을 졸여 얇은 반죽 위에 올려 구운 타르트. 바삭한 밑면과 새콤달콤한 과육이 잘 어울린다.,
Food_100,웨이퍼,식사,남부,,,도시,주점,5,-16,6,4,3,15,3,,,묽은 반죽을 얇게 눌러 바삭하게 구운 남부식 과자. 담백하고 가벼워 차나 달콤한 음료와 함께 먹는다.,
Food_101,꿀 웨이퍼,식사,남부,,,도시,주점,8,-36,10,4,5,18,5,,,얇게 구운 웨이퍼 사이에 꿀을 바른 남부의 후식. 바삭한 식감 뒤로 진한 꽃향과 단맛이 남는다.,
Food_102,꿀 과일 웨이퍼,식사,남부,,,대도시,주점,13,-48,14,4,6,25,7,,,"꿀을 바른 웨이퍼에 말린 과일을 곁들인 남부의 고급 후식. 바삭함과 쫀득한 과육, 진한 단맛이 함께 난다.",
Food_103,설탕 아몬드,식사,남부,,,대도시,주점,16,-50,12,4,12,8,6,,,볶은 아몬드에 귀한 설탕을 입혀 굳힌 남부의 사치스러운 간식. 단단한 설탕 껍질 아래 고소한 알맹이가 씹힌다.,
Food_104,철갑상어 찜,식사,,"에르스비,로벤하임",,,주점,24,6,-10,4,4,40,5,,,큼직한 철갑상어 살을 향초와 함께 김에 쪄 낸 에르스비와 로벤하임의 요리. 담백하면서도 탄탄한 살결이 특징이다.,
Food_105,철갑상어 알 절임,식사,,"에르스비,로벤하임",,,주점,18,8,-28,-10,5,3,5,,,철갑상어 알을 소금에 절여 작은 그릇에 담아 내는 귀한 음식. 윤기 나는 알갱이가 터지며 짭짤하고 진한 맛을 낸다.,
Food_106,생선 알 구이,식사,,,항구,도시,주점,10,8,-20,4,8,8,4,,,생선 알을 덩어리째 모아 불에 구운 항구 요리. 겉은 고소하게 익고 속에는 짭짤한 바다 향이 남는다.,
Food_107,허브 소금,식사,"중부,남부",,,도시,주점,2,0,-24,-10,0,0,0,,,말린 허브와 굵은 소금을 함께 빻아 만든 향긋한 양념. 고기와 채소에 조금 뿌리면 짠맛과 풀향이 선명해진다.,
Food_108,암염,식사,북부,,,,주점,2,0,-30,0,0,0,0,,,단단한 암염 덩어리를 잘게 깨뜨려 내는 북부의 소금. 굵은 결정이 천천히 녹으며 음식에 묵직한 짠맛을 더한다.,
Food_109,후추,식사,,,,도시,주점,12,0,0,-30,0,0,4,,,검은 후추 알을 바로 빻아 내는 매우 귀한 양념. 톡 쏘는 향과 매운맛이 고기 요리를 특별한 한 접시로 바꾼다.,
Food_110,겨자,식사,남부,,,도시,주점,3,0,-6,-24,-2,0,0,,,겨자씨를 곱게 빻아 물과 식초에 갠 노란 양념. 코를 찌르는 매운맛이 소시지와 기름진 고기의 느끼함을 잡아 준다.,
Food_111,향긋한 오일,식사,,,,도시,주점,4,4,0,-6,18,5,0,,,향이 좋은 열매와 허브를 기름에 담가 우린 조미료. 빵이나 채소에 조금만 뿌려도 부드러운 향과 윤기가 더해진다.,
Food_112,식초,식사,,,,,주점,2,4,4,-8,-18,0,0,,,발효한 술을 시큼하게 익혀 만든 식초를 작은 그릇에 덜어 낸 양념. 채소와 고기의 맛을 산뜻하게 정리해 준다.,
